"module name","license","repository"
"@electric-sql/pglite-socket@0.1.3","Apache-2.0","https://github.com/electric-sql/pglite"
"@electric-sql/pglite-tools@0.3.3","Apache-2.0","https://github.com/electric-sql/pglite"
"@electric-sql/pglite@0.4.3","Apache-2.0","https://github.com/electric-sql/pglite"
"@esbuild/linux-x64@0.28.1","MIT","https://github.com/evanw/esbuild"
"@fastify/accept-negotiator@2.0.1","MIT","https://github.com/fastify/accept-negotiator"
"@fastify/ajv-compiler@4.0.5","MIT","https://github.com/fastify/ajv-compiler"
"@fastify/busboy@3.2.0","MIT","https://github.com/fastify/busboy"
"@fastify/cookie@11.1.2","MIT","https://github.com/fastify/fastify-cookie"
"@fastify/cors@11.3.0","MIT","https://github.com/fastify/fastify-cors"
"@fastify/deepmerge@3.2.1","MIT","https://github.com/fastify/deepmerge"
"@fastify/error@4.2.0","MIT","https://github.com/fastify/fastify-error"
"@fastify/fast-json-stringify-compiler@5.1.0","MIT","https://github.com/fastify/fast-json-stringify-compiler"
"@fastify/forwarded@3.0.2","MIT","https://github.com/fastify/forwarded"
"@fastify/helmet@12.0.1","MIT","https://github.com/fastify/fastify-helmet"
"@fastify/jwt@10.2.1","MIT","https://github.com/fastify/fastify-jwt"
"@fastify/merge-json-schemas@0.2.1","MIT","https://github.com/fastify/merge-json-schemas"
"@fastify/multipart@9.4.0","MIT","https://github.com/fastify/fastify-multipart"
"@fastify/proxy-addr@5.1.0","MIT","https://github.com/fastify/proxy-addr"
"@fastify/rate-limit@10.3.0","MIT","https://github.com/fastify/fastify-rate-limit"
"@fastify/send@4.1.0","MIT","https://github.com/fastify/send"
"@fastify/static@10.1.3","MIT","https://github.com/fastify/fastify-static"
"@img/colour@1.1.0","MIT","https://github.com/lovell/colour"
"@img/sharp-libvips-linux-x64@1.3.2","LGPL-3.0-or-later","https://github.com/lovell/sharp-libvips"
"@img/sharp-linux-x64@0.35.3","Apache-2.0","https://github.com/lovell/sharp"
"@ioredis/commands@1.10.0","MIT","https://github.com/ioredis/commands"
"@lukeed/ms@2.0.2","MIT","https://github.com/lukeed/ms"
"@pinojs/redact@0.4.0","MIT","https://github.com/pinojs/redact"
"@prisma/adapter-better-sqlite3@7.9.1","Apache-2.0","https://github.com/prisma/prisma"
"@prisma/adapter-mariadb@7.9.1","Apache-2.0","https://github.com/prisma/prisma"
"@prisma/client-runtime-utils@7.9.1","Apache-2.0","https://github.com/prisma/prisma"
"@prisma/client@7.9.1","Apache-2.0","https://github.com/prisma/prisma"
"@prisma/config@7.9.1","Apache-2.0","https://github.com/prisma/prisma"
"@prisma/debug@7.2.0","Apache-2.0","https://github.com/prisma/prisma"
"@prisma/debug@7.9.1","Apache-2.0","https://github.com/prisma/prisma"
"@prisma/dev@0.24.17","ISC",""
"@prisma/driver-adapter-utils@7.9.1","Apache-2.0","https://github.com/prisma/prisma"
"@prisma/engines-version@7.9.0-1.e922089b7d7502aff4249d5da3420f6fa55fc6ad","Apache-2.0","https://github.com/prisma/engines-wrapper"
"@prisma/engines@7.9.1","Apache-2.0","https://github.com/prisma/prisma"
"@prisma/fetch-engine@7.9.1","Apache-2.0","https://github.com/prisma/prisma"
"@prisma/get-platform@7.2.0","Apache-2.0","https://github.com/prisma/prisma"
"@prisma/get-platform@7.9.1","Apache-2.0","https://github.com/prisma/prisma"
"@prisma/query-plan-executor@7.2.0","Apache-2.0","https://github.com/prisma/prisma"
"@prisma/streams-local@0.1.11","Apache-2.0","https://github.com/prisma/streams"
"@prisma/studio-core@0.33.0","Apache-2.0","https://github.com/prisma/studio"
"@radix-ui/primitive@1.1.3","MIT","https://github.com/radix-ui/primitives"
"@radix-ui/react-compose-refs@1.1.2","MIT","https://github.com/radix-ui/primitives"
"@radix-ui/react-primitive@2.1.3","MIT","https://github.com/radix-ui/primitives"
"@radix-ui/react-slot@1.2.3","MIT","https://github.com/radix-ui/primitives"
"@radix-ui/react-toggle@1.1.10","MIT","https://github.com/radix-ui/primitives"
"@radix-ui/react-use-controllable-state@1.2.2","MIT","https://github.com/radix-ui/primitives"
"@radix-ui/react-use-effect-event@0.0.2","MIT","https://github.com/radix-ui/primitives"
"@radix-ui/react-use-layout-effect@1.1.1","MIT","https://github.com/radix-ui/primitives"
"@redis/client@5.12.1","MIT","https://github.com/redis/node-redis"
"@standard-schema/spec@1.1.0","MIT","https://github.com/standard-schema/standard-schema"
"@tus/file-store@2.1.1","MIT","https://github.com/tus/tus-node-server"
"@tus/server@2.4.3","MIT","https://github.com/tus/tus-node-server"
"@tus/utils@0.7.1","MIT","https://github.com/tus/tus-node-server"
"@types/bcryptjs@2.4.6","MIT","https://github.com/DefinitelyTyped/DefinitelyTyped"
"@types/d3-array@3.0.3","MIT","https://github.com/DefinitelyTyped/DefinitelyTyped"
"@types/d3-color@3.1.0","MIT","https://github.com/DefinitelyTyped/DefinitelyTyped"
"@types/d3-delaunay@6.0.1","MIT","https://github.com/DefinitelyTyped/DefinitelyTyped"
"@types/d3-format@3.0.1","MIT","https://github.com/DefinitelyTyped/DefinitelyTyped"
"@types/d3-geo@3.1.0","MIT","https://github.com/DefinitelyTyped/DefinitelyTyped"
"@types/d3-interpolate@3.0.1","MIT","https://github.com/DefinitelyTyped/DefinitelyTyped"
"@types/d3-path@3.1.1","MIT","https://github.com/DefinitelyTyped/DefinitelyTyped"
"@types/d3-scale@4.0.2","MIT","https://github.com/DefinitelyTyped/DefinitelyTyped"
"@types/d3-shape@3.1.7","MIT","https://github.com/DefinitelyTyped/DefinitelyTyped"
"@types/d3-time-format@2.1.0","MIT","https://github.com/DefinitelyTyped/DefinitelyTyped"
"@types/d3-time@3.0.0","MIT","https://github.com/DefinitelyTyped/DefinitelyTyped"
"@types/fs-extra@11.0.4","MIT","https://github.com/DefinitelyTyped/DefinitelyTyped"
"@types/geojson@7946.0.16","MIT","https://github.com/DefinitelyTyped/DefinitelyTyped"
"@types/jsonfile@6.1.4","MIT","https://github.com/DefinitelyTyped/DefinitelyTyped"
"@types/lodash@4.17.25","MIT","https://github.com/DefinitelyTyped/DefinitelyTyped"
"@types/mime-types@2.1.4","MIT","https://github.com/DefinitelyTyped/DefinitelyTyped"
"@types/node@24.13.3","MIT","https://github.com/DefinitelyTyped/DefinitelyTyped"
"@types/nodemailer@8.0.1","MIT","https://github.com/DefinitelyTyped/DefinitelyTyped"
"@types/react@19.2.18","MIT","https://github.com/DefinitelyTyped/DefinitelyTyped"
"@visx/curve@4.0.1-alpha.0","MIT","https://github.com/airbnb/visx"
"@visx/event@4.0.1-alpha.0","MIT","https://github.com/airbnb/visx"
"@visx/grid@4.0.1-alpha.0","MIT","https://github.com/airbnb/visx"
"@visx/group@4.0.1-alpha.0","MIT","https://github.com/airbnb/visx"
"@visx/point@4.0.1-alpha.0","MIT","https://github.com/airbnb/visx"
"@visx/responsive@4.0.1-alpha.0","MIT","https://github.com/airbnb/visx"
"@visx/scale@4.0.1-alpha.0","MIT","https://github.com/airbnb/visx"
"@visx/shape@4.0.1-alpha.0","MIT","https://github.com/airbnb/visx"
"@visx/vendor@4.0.0-alpha.0","MIT and ISC","https://github.com/airbnb/visx"
"abstract-logging@2.0.1","MIT","https://github.com/jsumners/abstract-logging"
"ajv-formats@3.0.1","MIT","https://github.com/ajv-validator/ajv-formats"
"ajv@8.20.0","MIT","https://github.com/ajv-validator/ajv"
"asn1.js@5.4.1","MIT","https://github.com/indutny/asn1.js"
"atomic-sleep@1.0.0","MIT","https://github.com/davidmarkclements/atomic-sleep"
"avvio@9.3.0","MIT","https://github.com/fastify/avvio"
"aws-ssl-profiles@1.1.2","MIT","https://github.com/mysqljs/aws-ssl-profiles"
"balanced-match@4.0.4","MIT","https://github.com/juliangruber/balanced-match"
"base64-js@1.5.1","MIT","https://github.com/beatgammit/base64-js"
"bcryptjs@2.4.3","MIT","https://github.com/dcodeIO/bcrypt.js"
"better-result@2.10.0","MIT","https://github.com/dmmulroy/better-result"
"better-sqlite3@12.11.1","MIT","https://github.com/WiseLibs/better-sqlite3"
"bindings@1.5.0","MIT","https://github.com/TooTallNate/node-bindings"
"bl@4.1.0","MIT","https://github.com/rvagg/bl"
"bn.js@4.12.5","MIT","https://github.com/indutny/bn.js"
"brace-expansion@5.0.9","MIT","https://github.com/juliangruber/brace-expansion"
"buffer@5.7.1","MIT","https://github.com/feross/buffer"
"c12@3.3.4","MIT","https://github.com/unjs/c12"
"chokidar@5.0.0","MIT","https://github.com/paulmillr/chokidar"
"chownr@1.1.4","ISC","https://github.com/isaacs/chownr"
"classnames@2.5.1","MIT","https://github.com/JedWatson/classnames"
"cluster-key-slot@1.1.1","Apache-2.0","https://github.com/Salakar/cluster-key-slot"
"cluster-key-slot@1.1.2","Apache-2.0","https://github.com/Salakar/cluster-key-slot"
"colorette@2.0.20","MIT","https://github.com/jorgebucaran/colorette"
"confbox@0.2.4","MIT","https://github.com/unjs/confbox"
"content-disposition@2.0.1","MIT","https://github.com/jshttp/content-disposition"
"cookie@1.1.1","MIT","https://github.com/jshttp/cookie"
"cookie@2.0.1","MIT","https://github.com/jshttp/cookie"
"cross-spawn@7.0.6","MIT","https://github.com/moxystudio/node-cross-spawn"
"csstype@3.2.3","MIT","https://github.com/frenic/csstype"
"d3-array@3.2.1","ISC","https://github.com/d3/d3-array"
"d3-array@3.2.4","ISC","https://github.com/d3/d3-array"
"d3-color@3.1.0","ISC","https://github.com/d3/d3-color"
"d3-delaunay@6.0.2","ISC","https://github.com/d3/d3-delaunay"
"d3-format@3.1.0","ISC","https://github.com/d3/d3-format"
"d3-geo@3.1.0","ISC","https://github.com/d3/d3-geo"
"d3-interpolate@3.0.1","ISC","https://github.com/d3/d3-interpolate"
"d3-path@3.1.0","ISC","https://github.com/d3/d3-path"
"d3-scale@4.0.2","ISC","https://github.com/d3/d3-scale"
"d3-shape@3.2.0","ISC","https://github.com/d3/d3-shape"
"d3-time-format@4.1.0","ISC","https://github.com/d3/d3-time-format"
"d3-time@3.1.0","ISC","https://github.com/d3/d3-time"
"dateformat@4.6.3","MIT","https://github.com/felixge/node-dateformat"
"debug@4.4.3","MIT","https://github.com/debug-js/debug"
"decompress-response@6.0.0","MIT","https://github.com/sindresorhus/decompress-response"
"deep-extend@0.6.0","MIT","https://github.com/unclechu/node-deep-extend"
"deepmerge-ts@7.1.5","BSD-3-Clause","https://github.com/RebeccaStevens/deepmerge-ts"
"defu@6.1.7","MIT","https://github.com/unjs/defu"
"delaunator@5.1.0","ISC","https://github.com/mapbox/delaunator"
"denque@2.1.0","Apache-2.0","https://github.com/invertase/denque"
"depd@2.0.0","MIT","https://github.com/dougwilson/nodejs-depd"
"dequal@2.0.3","MIT","https://github.com/lukeed/dequal"
"destr@2.0.5","MIT","https://github.com/unjs/destr"
"detect-libc@2.1.2","Apache-2.0","https://github.com/lovell/detect-libc"
"dotenv@17.4.2","BSD-2-Clause","https://github.com/motdotla/dotenv"
"ecdsa-sig-formatter@1.0.11","Apache-2.0","https://github.com/Brightspace/node-ecdsa-sig-formatter"
"effect@3.20.0","MIT","https://github.com/Effect-TS/effect"
"elkjs@0.11.1","EPL-2.0","https://github.com/kieler/elkjs"
"empathic@2.0.0","MIT","https://github.com/lukeed/empathic"
"end-of-stream@1.4.5","MIT","https://github.com/mafintosh/end-of-stream"
"env-paths@3.0.0","MIT","https://github.com/sindresorhus/env-paths"
"esbuild@0.28.1","MIT","https://github.com/evanw/esbuild"
"escape-html@1.0.3","MIT","https://github.com/component/escape-html"
"expand-template@2.0.3","(MIT OR WTFPL)","https://github.com/ralphtheninja/expand-template"
"exsolve@1.1.1","MIT","https://github.com/unjs/exsolve"
"fast-check@3.23.2","MIT","https://github.com/dubzzz/fast-check"
"fast-copy@4.0.4","MIT","https://github.com/planttheidea/fast-copy"
"fast-decode-uri-component@1.0.1","MIT","https://github.com/delvedor/fast-decode-uri-component"
"fast-deep-equal@3.1.3","MIT","https://github.com/epoberezkin/fast-deep-equal"
"fast-json-stringify@7.0.1","MIT","https://github.com/fastify/fast-json-stringify"
"fast-jwt@6.3.2","Apache-2.0","https://github.com/nearform/fast-jwt"
"fast-querystring@1.1.2","MIT","https://github.com/anonrig/fast-querystring"
"fast-safe-stringify@2.1.1","MIT","https://github.com/davidmarkclements/fast-safe-stringify"
"fast-uri@3.1.5","BSD-3-Clause","https://github.com/fastify/fast-uri"
"fast-uri@4.1.2","BSD-3-Clause","https://github.com/fastify/fast-uri"
"fastfall@1.5.1","MIT","https://github.com/mcollina/fastfall"
"fastify-plugin@5.1.0","MIT","https://github.com/fastify/fastify-plugin"
"fastify-plugin@6.0.0","MIT","https://github.com/fastify/fastify-plugin"
"fastify@5.11.2","MIT","https://github.com/fastify/fastify"
"fastparallel@2.4.1","ISC","https://github.com/mcollina/fastparallel"
"fastq@1.20.1","ISC","https://github.com/mcollina/fastq"
"fastseries@1.7.2","ISC","https://github.com/mcollina/fastseries"
"file-uri-to-path@1.0.0","MIT","https://github.com/TooTallNate/file-uri-to-path"
"find-my-way@9.7.0","MIT","https://github.com/delvedor/find-my-way"
"foreground-child@3.3.1","ISC","https://github.com/tapjs/foreground-child"
"fs-constants@1.0.0","MIT","https://github.com/mafintosh/fs-constants"
"fs-extra@11.4.0","MIT","https://github.com/jprichardson/node-fs-extra"
"generate-function@2.3.1","MIT","https://github.com/mafintosh/generate-function"
"get-port-please@3.2.0","MIT","https://github.com/unjs/get-port-please"
"giget@3.3.1","MIT","https://github.com/unjs/giget"
"github-from-package@0.0.0","MIT","https://github.com/substack/github-from-package"
"glob@13.0.6","BlueOak-1.0.0","https://github.com/isaacs/node-glob"
"graceful-fs@4.2.11","ISC","https://github.com/isaacs/node-graceful-fs"
"grammex@3.1.13","MIT","https://github.com/fabiospampinato/grammex"
"graphmatch@1.1.1","MIT","https://github.com/fabiospampinato/graphmatch"
"helmet@7.2.0","MIT","https://github.com/helmetjs/helmet"
"help-me@5.0.0","MIT","https://github.com/mcollina/help-me"
"http-errors@2.0.1","MIT","https://github.com/jshttp/http-errors"
"iconv-lite@0.6.3","MIT","https://github.com/ashtuchkin/iconv-lite"
"iconv-lite@0.7.3","MIT","https://github.com/pillarjs/iconv-lite"
"ieee754@1.2.1","BSD-3-Clause","https://github.com/feross/ieee754"
"inherits@2.0.4","ISC","https://github.com/isaacs/inherits"
"ini@1.3.8","ISC","https://github.com/isaacs/ini"
"internmap@2.0.3","ISC","https://github.com/mbostock/internmap"
"ioredis@5.11.1","MIT","https://github.com/luin/ioredis"
"ipaddr.js@2.5.0","MIT","https://github.com/whitequark/ipaddr.js"
"is-property@1.0.2","MIT","https://github.com/mikolalysenko/is-property"
"isexe@2.0.0","ISC","https://github.com/isaacs/isexe"
"jiti@2.7.0","MIT","https://github.com/unjs/jiti"
"joycon@3.1.1","MIT","https://github.com/egoist/joycon"
"json-schema-ref-resolver@3.0.0","MIT","https://github.com/fastify/json-schema-ref-resolver"
"json-schema-traverse@1.0.0","MIT","https://github.com/epoberezkin/json-schema-traverse"
"jsonfile@6.2.1","MIT","https://github.com/jprichardson/node-jsonfile"
"light-my-request@6.6.0","BSD-3-Clause","https://github.com/fastify/light-my-request"
"lodash.throttle@4.1.1","MIT","https://github.com/lodash/lodash"
"lodash@4.18.1","MIT","https://github.com/lodash/lodash"
"long@5.3.2","Apache-2.0","https://github.com/dcodeIO/long.js"
"lru-cache@10.4.3","ISC","https://github.com/isaacs/node-lru-cache"
"lru-cache@11.5.2","BlueOak-1.0.0","https://github.com/isaacs/node-lru-cache"
"lru.min@1.1.4","MIT","https://github.com/wellwelwel/lru.min"
"mariadb@3.4.5","LGPL-2.1-or-later","https://github.com/mariadb-corporation/mariadb-connector-nodejs"
"mime-db@1.52.0","MIT","https://github.com/jshttp/mime-db"
"mime-types@2.1.35","MIT","https://github.com/jshttp/mime-types"
"mime@3.0.0","MIT","https://github.com/broofa/mime"
"mimic-response@3.1.0","MIT","https://github.com/sindresorhus/mimic-response"
"minimalistic-assert@1.0.1","ISC","https://github.com/calvinmetcalf/minimalistic-assert"
"minimatch@10.2.6","BlueOak-1.0.0","https://github.com/isaacs/minimatch"
"minimist@1.2.8","MIT","https://github.com/minimistjs/minimist"
"minipass@7.1.3","BlueOak-1.0.0","https://github.com/isaacs/minipass"
"mkdirp-classic@0.5.3","MIT","https://github.com/mafintosh/mkdirp-classic"
"mnemonist@0.40.4","MIT","https://github.com/yomguithereal/mnemonist"
"ms@2.1.3","MIT","https://github.com/vercel/ms"
"mysql2@3.15.3","MIT","https://github.com/sidorares/node-mysql2"
"named-placeholders@1.1.6","MIT","https://github.com/mysqljs/named-placeholders"
"nanoid@3.3.18","MIT","https://github.com/ai/nanoid"
"napi-build-utils@2.0.0","MIT","https://github.com/inspiredware/napi-build-utils"
"node-abi@3.94.0","MIT","https://github.com/electron/node-abi"
"nodemailer@9.0.5","MIT-0","https://github.com/nodemailer/nodemailer"
"obliterator@2.0.5","MIT","https://github.com/yomguithereal/obliterator"
"ohash@2.0.11","MIT","https://github.com/unjs/ohash"
"on-exit-leak-free@2.1.2","MIT","https://github.com/mcollina/on-exit-or-gc"
"once@1.4.0","ISC","https://github.com/isaacs/once"
"path-key@3.1.1","MIT","https://github.com/sindresorhus/path-key"
"path-scurry@2.0.2","BlueOak-1.0.0","https://github.com/isaacs/path-scurry"
"pathe@2.0.3","MIT","https://github.com/unjs/pathe"
"perfect-debounce@2.1.0","MIT","https://github.com/unjs/perfect-debounce"
"pino-abstract-transport@3.0.0","MIT","https://github.com/pinojs/pino-abstract-transport"
"pino-pretty@13.1.3","MIT","https://github.com/pinojs/pino-pretty"
"pino-std-serializers@7.1.0","MIT","https://github.com/pinojs/pino-std-serializers"
"pino@10.3.1","MIT","https://github.com/pinojs/pino"
"pkg-types@2.3.1","MIT","https://github.com/unjs/pkg-types"
"postgres@3.4.7","Unlicense","https://github.com/porsager/postgres"
"prebuild-install@7.1.3","MIT","https://github.com/prebuild/prebuild-install"
"prisma@7.9.1","Apache-2.0","https://github.com/prisma/prisma"
"process-warning@4.0.1","MIT","https://github.com/fastify/process-warning"
"process-warning@5.1.0","MIT","https://github.com/fastify/process-warning"
"proper-lockfile@4.1.2","MIT","https://github.com/moxystudio/node-proper-lockfile"
"pump@3.0.4","MIT","https://github.com/mafintosh/pump"
"pure-rand@6.1.0","MIT","https://github.com/dubzzz/pure-rand"
"quick-format-unescaped@4.0.4","MIT","https://github.com/davidmarkclements/quick-format"
"rc9@3.0.1","MIT","https://github.com/unjs/rc9"
"rc@1.2.8","(BSD-2-Clause OR MIT OR Apache-2.0)","https://github.com/dominictarr/rc"
"react-dom@19.2.8","MIT","https://github.com/react/react"
"react@19.2.8","MIT","https://github.com/react/react"
"readable-stream@3.6.2","MIT","https://github.com/nodejs/readable-stream"
"readdirp@5.1.1","MIT","https://github.com/paulmillr/readdirp"
"real-require@0.2.0","MIT","https://github.com/pinojs/real-require"
"real-require@1.0.0","MIT","https://github.com/pinojs/real-require"
"redis-errors@1.2.0","MIT","https://github.com/NodeRedis/redis-errors"
"redis-parser@3.0.0","MIT","https://github.com/NodeRedis/node-redis-parser"
"remeda@2.33.4","MIT","https://github.com/remeda/remeda"
"require-from-string@2.0.2","MIT","https://github.com/floatdrop/require-from-string"
"ret@0.5.0","MIT","https://github.com/fent/ret.js"
"retry@0.12.0","MIT","https://github.com/tim-kos/node-retry"
"reusify@1.1.0","MIT","https://github.com/mcollina/reusify"
"rfdc@1.4.1","MIT","https://github.com/davidmarkclements/rfdc"
"robust-predicates@3.0.3","Unlicense","https://github.com/mourner/robust-predicates"
"safe-buffer@5.2.1","MIT","https://github.com/feross/safe-buffer"
"safe-regex2@5.1.1","MIT","https://github.com/fastify/safe-regex2"
"safe-stable-stringify@2.5.0","MIT","https://github.com/BridgeAR/safe-stable-stringify"
"safer-buffer@2.1.2","MIT","https://github.com/ChALkeR/safer-buffer"
"scheduler@0.27.0","MIT","https://github.com/facebook/react"
"secure-json-parse@4.1.0","BSD-3-Clause","https://github.com/fastify/secure-json-parse"
"semver@7.8.5","ISC","https://github.com/npm/node-semver"
"seq-queue@0.0.5","MIT*","https://github.com/changchang/seq-queue"
"set-cookie-parser@2.7.2","MIT","https://github.com/nfriedly/set-cookie-parser"
"setprototypeof@1.2.0","ISC","https://github.com/wesleytodd/setprototypeof"
"sharp@0.35.3","Apache-2.0","https://github.com/lovell/sharp"
"shebang-command@2.0.0","MIT","https://github.com/kevva/shebang-command"
"shebang-regex@3.0.0","MIT","https://github.com/sindresorhus/shebang-regex"
"signal-exit@3.0.7","ISC","https://github.com/tapjs/signal-exit"
"signal-exit@4.1.0","ISC","https://github.com/tapjs/signal-exit"
"simple-concat@1.0.1","MIT","https://github.com/feross/simple-concat"
"simple-get@4.0.1","MIT","https://github.com/feross/simple-get"
"sonic-boom@4.2.1","MIT","https://github.com/pinojs/sonic-boom"
"split2@4.2.0","ISC","https://github.com/mcollina/split2"
"sqlstring@2.3.3","MIT","https://github.com/mysqljs/sqlstring"
"srvx@0.11.22","MIT","https://github.com/h3js/srvx"
"standard-as-callback@2.1.0","MIT","https://github.com/luin/asCallback"
"statuses@2.0.2","MIT","https://github.com/jshttp/statuses"
"std-env@3.10.0","MIT","https://github.com/unjs/std-env"
"steed@1.1.3","MIT","https://github.com/mcollina/steed"
"string_decoder@1.3.0","MIT","https://github.com/nodejs/string_decoder"
"strip-json-comments@2.0.1","MIT","https://github.com/sindresorhus/strip-json-comments"
"strip-json-comments@5.0.3","MIT","https://github.com/sindresorhus/strip-json-comments"
"tar-fs@2.1.5","MIT","https://github.com/mafintosh/tar-fs"
"tar-stream@2.2.0","MIT","https://github.com/mafintosh/tar-stream"
"thread-stream@4.2.0","MIT","https://github.com/mcollina/thread-stream"
"toad-cache@3.7.4","MIT","https://github.com/kibertoad/toad-cache"
"toidentifier@1.0.1","MIT","https://github.com/component/toidentifier"
"tsx@4.23.11","MIT","https://github.com/privatenumber/tsx"
"tunnel-agent@0.6.0","Apache-2.0","https://github.com/mikeal/tunnel-agent"
"typescript@5.9.3","Apache-2.0","https://github.com/microsoft/TypeScript"
"undici-types@7.18.2","MIT","https://github.com/nodejs/undici"
"universalify@2.0.1","MIT","https://github.com/RyanZim/universalify"
"util-deprecate@1.0.2","MIT","https://github.com/TooTallNate/util-deprecate"
"valibot@1.4.2","MIT","https://github.com/open-circle/valibot"
"which@2.0.2","ISC","https://github.com/isaacs/node-which"
"wrappy@1.0.2","ISC","https://github.com/npm/wrappy"
"xtend@4.0.2","MIT","https://github.com/Raynos/xtend"
"zeptomatch@2.1.0","MIT","https://github.com/fabiospampinato/zeptomatch"
"zod@4.4.3","MIT","https://github.com/colinhacks/zod"
